Method,MSE,MAE,n_lin,n_nonlin
FSAM,0.6670945819233469,0.5512830603876896,0,28
SAM,0.738935462004148,0.618616018085401,0,55
GAMSEL,0.780460340610749,0.638119775576668,14,17
RELGAM,0.746878073932058,0.621105236986993,14,18
RELGAM_SEL,0.749613543022569,0.621528653057271,14,18
LASSO,1.1759182207223862,0.8122632057020687,8,0
